,tweet_id,retweet_count,likes
0,892420643555336193,7207,34593
1,892177421306343426,5409,29991
2,891815181378084864,3574,22570
3,891689557279858688,7428,37858
4,891327558926688256,7970,36147
5,891087950875897856,2677,18229
6,890971913173991426,1720,10621
7,890729181411237888,16226,58233
8,890609185150312448,3718,25106
9,890240255349198849,6264,28624
10,890006608113172480,6311,27642
11,889880896479866881,4284,25137
12,889665388333682689,8583,43074
13,889638837579907072,3830,24215
14,889531135344209921,1930,13648
15,889278841981685760,4571,22631
16,888917238123831296,3846,26206
17,888804989199671297,3635,22980
18,888554962724278272,2961,17732
19,888078434458587136,2978,19586
20,887705289381826560,4650,27250
21,887517139158093824,10097,41699
22,887473957103951883,15434,61673
23,887343217045368832,9047,30266
24,887101392804085760,5117,27599
25,886983233522544640,6534,31134
26,886736880519319552,2722,10736
27,886680336477933568,3841,20217
28,886366144734445568,2709,18982
29,886267009285017600,3,104
30,886258384151887873,5421,25141
31,886054160059072513,96,0
32,885984800019947520,5766,29283
33,885528943205470208,5493,32329
34,885518971528720385,3196,18420
35,885311592912609280,15863,0
36,885167619883638784,3759,19672
37,884925521741709313,15466,68992
38,884876753390489601,4789,24975
39,884562892145688576,4024,21839
40,884441805382717440,4907,24418
41,884247878851493888,17415,64918
42,884162670584377345,2560,18359
43,883838122936631299,2939,19640
44,883482846933004288,8499,41181
45,883360690899218434,3163,20405
46,883117836046086144,5686,33320
47,882992080364220416,3320,21475
48,882762694511734784,4207,25374
49,882627270321602560,5209,25192
50,882268110199369728,9946,40174
51,882045870035918850,4187,26371
52,881906580714921986,2925,21938
53,881666595344535552,9202,45610
54,881633300179243008,8,113
55,881536004380872706,13773,44497
56,881268444196462592,4596,20973
57,880935762899988482,2399,15390
58,880872448815771648,3287,19166
59,880465832366813184,5346,25582
60,880221127280381952,3575,24252
61,880095782870896641,3744,24869
62,879862464715927552,2999,20178
63,879674319642796034,9,284
64,879492040517615616,2715,21184
65,879415818425184262,38474,95077
66,879376492567855104,2706,15195
67,879130579576475649,5886,0
68,879050749262655488,4054,20286
69,879008229531029506,2308,17158
70,878776093423087618,3530,17510
71,878604707211726852,6084,27039
72,878404777348136964,1101,0
73,878316110768087041,5696,0
74,878281511006478336,1101,6955
75,878057613040115712,5886,37960
76,877736472329191424,16272,71116
77,877611172832227328,70,0
78,877556246731214848,3262,20430
79,877316821321428993,4477,24740
80,877201837425926144,4776,24415
81,876838120628539392,2873,18657
82,876537666061221889,4081,21496
83,876484053909872640,2051,16950
84,876120275196170240,4019,25248
85,875747767867523072,3688,22690
86,875144289856114688,4240,19823
87,875097192612077568,5268,24800
88,875021211251597312,4084,23063
89,874680097055178752,4027,25158
90,874434818259525634,12567,0
91,874296783580663808,3582,23550
92,874057562936811520,3466,20597
93,874012996292530176,8817,30825
94,873580283840344065,3417,21929
95,873337748698140672,1363,0
96,873213775632977920,1363,6467
97,872967104147763200,4679,24621
98,872820683541237760,3241,13367
99,872620804844003328,3149,18786
100,872486979161796608,7924,36937
101,872122724285648897,7040,30985
102,871879754684805121,9496,33907
103,871762521631449091,3042,18313
104,871515927908634625,3023,18292
105,871166179821445120,5006,0
106,871102520638267392,4822,18981
107,871032628920680449,3315,20636
108,870804317367881728,5410,30515
109,870726314365509632,3,109
110,870656317836468226,2268,11137
111,870374049280663552,23376,75716
112,870308999962521604,3635,19927
113,870063196459192321,7262,33146
114,869772420881756160,8913,38816
115,869702957897576449,5515,25619
116,869596645499047938,2708,14538
117,869227993411051520,3292,18561
118,868880397819494401,12613,59349
119,868639477480148993,1801,0
120,868622495443632128,4615,24207
121,868552278524837888,1802,9192
122,867900495410671616,3672,22077
123,867774946302451713,6421,30942
124,867421006826221569,2182,14658
125,867072653475098625,106,0
126,867051520902168576,6954,29361
127,866720684873056260,4231,18238
128,866686824827068416,3041,17548
129,866450705531457537,31110,111444
130,866334964761202691,12567,47712
131,866094527597207552,7366,0
132,865718153858494464,4983,23500
133,865359393868664832,4411,24169
134,865006731092295680,6828,25638
135,864873206498414592,7685,29474
136,864279568663928832,2651,13369
137,864197398364647424,7790,27306
138,863907417377173506,3684,18902
139,863553081350529029,3732,13972
140,863471782782697472,2141,0
141,863432100342583297,4676,21839
142,863427515083354112,82,2003
143,863079547188785154,987,8069
144,863062471531167744,2141,7709
145,862831371563274240,4577,17594
146,862722525377298433,3170,15696
147,862457590147678208,4362,18700
148,862096992088072192,20556,67927
149,861383897657036800,9543,33091
150,861288531465048066,3687,15745
151,861005113778896900,3413,15356
152,860981674716409858,1904,0
153,860924035999428608,696,0
154,860563773140209665,1904,6883
155,860524505164394496,4735,21767
156,860276583193509888,3148,16991
157,860184849394610176,5242,15329
158,860177593139703809,27577,0
159,859924526012018688,3678,18082
160,859851578198683649,3160,14280
161,859607811541651456,1390,17215
162,859196978902773760,27020,82622
163,859074603037188101,12281,31147
164,858860390427611136,7294,0
165,858843525470990336,3110,14437
166,858471635011153920,4387,19957
167,858107933456039936,2601,14585
168,857989990357356544,2321,14857
169,857746408056729600,9597,31585
170,857393404942143489,1475,5437
171,857263160327368704,4080,18650
172,857214891891077121,16,207
173,857062103051644929,152,0
174,857029823797047296,3591,17463
175,856543823941562368,2617,15213
176,856526610513747968,1707,11079
177,856288084350160898,15,495
178,856282028240666624,5728,25830
179,855862651834028034,22,311
180,855860136149123072,876,4541
181,855857698524602368,1907,11092
182,855851453814013952,16531,42859
183,855818117272018944,4951,24830
184,855459453768019968,7488,27740
185,855245323840757760,5421,0
186,855138241867124737,39,0
187,854732716440526848,5530,21230
188,854482394044301312,6202,27265
189,854365224396361728,4275,17632
190,854120357044912130,6804,29894
191,854010172552949760,2883,15208
192,853760880890318849,5271,26741
193,853639147608842240,9136,32370
194,853299958564483072,3252,14509
195,852936405516943360,1833,0
196,852912242202992640,1656,8454
197,852672615818899456,1991,14005
198,852553447878664193,3208,15275
199,852311364735569921,9128,31098
200,852226086759018497,6269,18766
201,852189679701164033,1458,10805
202,851861385021730816,19,0
203,851591660324737024,3220,15327
204,851464819735769094,6507,22839
205,851224888060895234,5311,19505
206,850753642995093505,8346,28906
207,850380195714523136,2402,12371
208,850333567704068097,306,3271
209,850145622816686080,3492,15394
210,850019790995546112,4504,19249
211,849776966551130114,7024,28654
212,849668094696017920,4589,0
213,849412302885593088,2917,15016
214,849336543269576704,1740,10809
215,849051919805034497,7858,40019
216,848690551926992896,4019,23869
217,848324959059550208,4290,23419
218,848213670039564288,669,7737
219,848212111729840128,2804,15424
220,847978865427394560,3024,0
221,847971574464610304,411,0
222,847962785489326080,4726,22285
223,847842811428974592,1222,5130
224,847617282490613760,383,6633
225,847606175596138505,3178,17805
226,847251039262605312,4032,19464
227,847157206088847362,5403,18826
228,847116187444137987,2958,20360
229,846874817362120707,3653,19072
230,846514051647705089,10725,42220
231,846505985330044928,2854,13415
232,846153765933735936,8434,29896
233,846139713627017216,9419,29478
234,846042936437604353,2665,15181
235,845812042753855489,8091,27765
236,845677943972139009,4504,23991
237,845397057150107648,1660,7272
238,845306882940190720,5019,22178
239,845098359547420673,7141,0
240,844979544864018432,2378,12973
241,844973813909606400,2951,14293
242,844580511645339650,2895,15653
243,844223788422217728,2043,13025
244,843981021012017153,2775,14473
245,843856843873095681,4306,20456
246,843604394117681152,2557,16110
247,843235543001513987,5592,20492
248,842846295480000512,3412,14590
249,842765311967449089,1197,6432
250,842535590457499648,3286,17329
251,842163532590374912,5421,23326
252,842115215311396866,2840,13342
253,841833993020538882,14022,0
254,841680585030541313,7364,24627
255,841439858740625411,3421,12044
256,841320156043304961,5175,18920
257,841314665196081154,4356,15123
258,841077006473256960,5006,21858
259,840761248237133825,1654,0
260,840728873075638272,15044,0
261,840698636975636481,2,169
262,840696689258311684,909,11749
263,840632337062862849,1654,8620
264,840370681858686976,4291,15731
265,840268004936019968,5384,18385
266,839990271299457024,2127,12850
267,839549326359670784,7294,26218
268,839290600511926273,137,0
269,839239871831150596,6103,25888
270,838952994649550848,3763,18830
271,838921590096166913,1921,10677
272,838916489579200512,31,0
273,838831947270979586,10359,0
274,838561493054533637,1258,10515
275,838476387338051585,4471,21514
276,838201503651401729,9460,0
277,838150277551247360,312,1598
278,838085839343206401,1,134
279,838083903487373313,2924,16890
280,837820167694528512,7366,32634
281,837482249356513284,420,3705
282,837471256429613056,2123,12286
283,837110210464448512,2235,15427
284,836989968035819520,2173,12257
285,836753516572119041,4373,18580
286,836677758902222849,2089,12130
287,836648853927522308,521,0
288,836397794269200385,25901,0
289,836380477523124226,2824,14212
290,836260088725786625,4096,20467
291,836001077879255040,4020,18351
292,835685285446955009,7676,0
293,835574547218894849,3403,17097
294,835536468978302976,1589,0
295,835309094223372289,19760,0
296,835297930240217089,2828,15837
297,835264098648616962,1589,7417
298,835246439529840640,67,2022
299,835172783151792128,5425,25166
300,835152434251116546,2839,21489
301,834931633769889797,1523,10356
302,834786237630337024,5233,20678
303,834574053763584002,2373,13114
304,834477809192075265,10067,0
305,834458053273591808,1585,9251
306,834209720923721728,4471,19733
307,834167344700198914,3472,15217
308,834089966724603904,2019,9654
309,834086379323871233,2087,12547
310,833863086058651648,2271,12941
311,833826103416520705,3571,17476
312,833732339549220864,209,0
313,833722901757046785,3076,20131
314,833479644947025920,1937,14333
315,833124694597443584,4589,19473
316,832998151111966721,2076,12741
317,832769181346996225,38,0
318,832757312314028032,3424,16240
319,832682457690300417,2756,11433
320,832645525019123713,502,2813
321,832636094638288896,2635,15288
322,832397543355072512,2097,11519
323,832369877331693569,3024,16516
324,832273440279240704,2219,10926
325,832215909146226688,5899,0
326,832215726631055365,8833,0
327,832088576586297345,2,61
328,832040443403784192,9094,0
329,832032802820481025,4422,17185
330,831939777352105988,5820,23078
331,831926988323639298,34,324
332,831911600680497154,6161,26500
333,831670449226514432,1727,10036
334,831650051525054464,1833,6858
335,831552930092285952,2215,8659
336,831322785565769729,1484,8962
337,831315979191906304,1061,6301
338,831309418084069378,2337,11365
339,831262627380748289,1952,11449
340,830956169170665475,1418,7697
341,830583320585068544,15863,64187
342,830173239259324417,5385,0
343,830097400375152640,2785,9391
344,829878982036299777,4751,0
345,829861396166877184,1837,11816
346,829501995190984704,10067,30597
347,829449946868879360,1914,10109
348,829141528400556032,6973,23481
349,829011960981237760,15572,51481
350,828801551087042563,3255,0
351,828770345708580865,5567,24686
352,828708714936930305,10647,35178
353,828650029636317184,1278,9179
354,828409743546925057,1106,6138
355,828408677031882754,1225,7422
356,828381636999917570,2123,12164
357,828376505180889089,1018,7131
358,828372645993398273,2787,12159
359,828361771580813312,169,2109
360,828046555563323392,2736,11325
361,828011680017821696,2050,10009
362,827933404142436356,4980,19338
363,827653905312006145,2877,14959
364,827600520311402496,889,7226
365,827324948884643840,2880,15304
366,827199976799354881,2117,10224
367,826958653328592898,4751,20835
368,826848821049180160,9637,34881
369,826615380357632002,3788,0
370,826598799820865537,235,4964
371,826598365270007810,2235,9675
372,826476773533745153,4004,17765
373,826240494070030336,2479,12824
374,826204788643753985,876,4716
375,826115272272650244,2958,15112
376,825876512159186944,1777,10136
377,825829644528148480,2396,12328
378,825535076884762624,16808,55228
379,825147591692263424,4317,17685
380,825120256414846976,1191,0
381,825026590719483904,1191,6048
382,824796380199809024,5251,0
383,824775126675836928,3346,14419
384,824663926340194305,1686,10164
385,824325613288833024,10152,11436
386,824297048279236611,3676,14557
387,824025158776213504,573,4683
388,823939628516474880,2602,10295
389,823719002937630720,10655,0
390,823699002998870016,2403,13517
391,823581115634085888,2503,12584
392,823333489516937216,22,681
393,823322678127919110,3830,15193
394,823269594223824897,9456,0
395,822975315408461824,3299,16779
396,822872901745569793,41158,127090
397,822859134160621569,2174,12792
398,822647212903690241,6114,0
399,822610361945911296,2807,14308
400,822489057087389700,6114,17546
401,822462944365645825,13574,26942
402,822244816520155136,9456,33841
403,822163064745328640,4523,0
404,821886076407029760,2202,10939
405,821813639212650496,3203,0
406,821765923262631936,1596,8129
407,821522889702862852,1668,7767
408,821421320206483457,5309,0
409,821407182352777218,4114,11353
410,821153421864615936,9,241
411,821149554670182400,1870,8320
412,821107785811234820,2037,9287
413,821044531881721856,2180,12264
414,820837357901512704,6422,0
415,820749716845686786,9460,30581
416,820690176645140481,3083,11842
417,820494788566847489,539,0
418,820446719150292993,2456,0
419,820314633777061888,539,3249
420,820078625395449857,5984,19145
421,820013781606658049,1122,0
422,819952236453363712,1122,5147
423,819924195358416896,4670,12532
424,819711362133872643,2971,12949
425,819588359383371776,1917,9367
426,819347104292290561,1155,7007
427,819238181065359361,391,2186
428,819227688460238848,6422,22310
429,819015337530290176,35511,0
430,819015331746349057,18254,0
431,819006400881917954,18254,43999
432,819004803107983360,35511,84593
433,818646164899774465,20022,0
434,818627210458333184,7248,21725
435,818614493328580609,2420,9532
436,818588835076603904,5839,0
437,818536468981415936,2340,10514
438,818307523543449600,7703,0
439,818259473185828864,2148,10665
440,818145370475810820,2441,11895
441,817908911860748288,760,4711
442,817827839487737858,25901,49860
443,817777686764523521,2578,10457
444,817536400337801217,2816,11407
445,817502432452313088,3240,0
446,817423860136083457,14022,32677
447,817415592588222464,915,5423
448,817181837579653120,8099,0
449,817171292965273600,1936,8500
450,817120970343411712,2491,11819
451,817056546584727552,1575,8338
452,816829038950027264,4509,0
453,816816676327063552,1946,9708
454,816697700272001025,2105,9483
455,816450570814898180,7703,29418
456,816336735214911488,1858,8349
457,816091915477250048,2047,8677
458,816062466425819140,974,0
459,816014286006976512,5030,0
460,815990720817401858,974,4793
461,815966073409433600,8099,21690
462,815745968457060357,3973,0
463,815736392542261248,2176,9551
464,815639385530101762,1586,7989
465,815390420867969024,3664,10048
466,814986499976527872,1220,7430
467,814638523311648768,2588,10952
468,814578408554463233,5618,0
469,814530161257443328,1779,8382
470,814153002265309185,8321,27924
471,813944609378369540,3050,0
472,813910438903693312,1785,9053
473,813812741911748608,13421,35410
474,813800681631023104,1695,8077
475,813217897535406080,7021,18097
476,813202720496779264,1754,8984
477,813187593374461952,4178,19300
478,813172488309972993,1852,9020
479,813157409116065792,2110,7545
480,813142292504645637,2302,8265
481,813130366689148928,429,4369
482,813127251579564032,2996,11479
483,813112105746448384,2633,10018
484,813096984823349248,3484,10275
485,813081950185472002,2670,9638
486,813066809284972545,1883,7719
487,813051746834595840,7059,20383
488,812781120811126785,1830,7326
489,812709060537683968,1387,6457
490,812503143955202048,1179,5889
491,812466873996607488,1844,7759
492,812372279581671427,3522,13269
493,811985624773361665,1351,7080
494,811744202451197953,1531,7345
495,811647686436880384,709,5451
496,811627233043480576,2947,12379
497,811386762094317568,6145,20351
498,810984652412424192,1370,5172
499,810896069567610880,1689,8757
500,810657578271330305,2530,10657
501,810284430598270976,10807,34194
502,810254108431155201,3255,14311
503,809920764300447744,3788,15135
504,809808892968534016,4705,0
505,809448704142938112,1412,6760
506,809220051211603969,5385,19352
507,809084759137812480,3407,12862
508,808838249661788160,2933,9870
509,808733504066486276,2085,7690
510,808501579447930884,2506,11020
511,808344865868283904,20022,41238
512,808134635716833280,5680,0
513,808106460588765185,2129,8586
514,808001312164028416,3406,12191
515,807621403335917568,3482,14198
516,807106840509214720,53222,114665
517,807059379405148160,7070,0
518,807010152071229440,3729,12782
519,806629075125202948,33314,72428
520,806620845233815552,5309,0
521,806576416489959424,1884,4768
522,806542213899489280,2279,9948
523,806242860592926720,11193,0
524,806219024703037440,1159,6291
525,805958939288408065,5164,0
526,805932879469572096,1855,8094
527,805826884734976000,1761,6401
528,805823200554876929,7716,0
529,805520635690676224,1601,5609
530,805487436403003392,2443,8579
531,805207613751304193,1668,7647
532,804738756058218496,3692,13313
533,804475857670639616,1949,5983
534,804413760345620481,3106,0
535,804026241225523202,15509,43190
536,803773340896923648,2644,9789
537,803692223237865472,7161,0
538,803638050916102144,4003,10656
539,803380650405482500,1812,7560
540,803321560782307329,5110,0
541,803276597545603072,2364,9772
542,802952499103731712,1927,8797
543,802624713319034886,2802,0
544,802600418706604034,1409,6929
545,802572683846291456,2430,8736
546,802323869084381190,5646,15773
547,802265048156610565,1334,6771
548,802239329049477120,2527,8869
549,802185808107208704,263,0
550,801958328846974976,1652,7554
551,801854953262350336,228,1758
552,801538201127157760,2003,8020
553,801285448605831168,794,5894
554,801167903437357056,5680,23776
555,801127390143516673,3824,0
556,801115127852503040,2026,7861
557,800859414831898624,95,668
558,800855607700029440,1550,0
559,800751577355128832,2704,10324
560,800513324630806528,2896,12822
561,800459316964663297,2105,9257
562,800443802682937345,4156,0
563,800388270626521089,2700,10867
564,800188575492947969,3807,0
565,800141422401830912,2456,14872
566,800018252395122689,12664,27574
567,799774291445383169,4491,0
568,799757965289017345,2074,8173
569,799422933579902976,1852,7868
570,799308762079035393,5236,0
571,799297110730567681,2642,9617
572,799063482566066176,2399,7871
573,798933969379225600,4306,12736
574,798925684722855936,1393,7330
575,798705661114773508,6413,0
576,798701998996647937,7476,0
577,798697898615730177,6283,0
578,798694562394996736,4781,0
579,798686750113755136,2247,0
580,798682547630837760,4578,0
581,798673117451325440,5375,0
582,798665375516884993,3778,0
583,798644042770751489,1788,0
584,798628517273620480,1904,0
585,798585098161549313,5459,0
586,798576900688019456,5638,0
587,798340744599797760,3229,0
588,798209839306514432,2474,10163
589,797971864723324932,2994,11266
590,797545162159308800,4718,14196
591,797236660651966464,6342,19404
592,797165961484890113,26,220
593,796904159865868288,8618,0
594,796865951799083009,1880,7489
595,796759840936919040,2934,11495
596,796563435802726400,6963,0
597,796484825502875648,1695,7360
598,796387464403357696,4016,10725
599,796177847564038144,13753,0
600,796149749086875649,13753,31353
601,796125600683540480,1738,4848
602,796116448414461957,2320,8858
603,796080075804475393,2227,8234
604,796031486298386433,3603,10527
605,795464331001561088,22660,48067
606,795400264262053889,2761,9767
607,795076730285391872,5251,15756
608,794983741416415232,3242,0
609,794926597468000259,2226,9950
610,794355576146903043,9924,0
611,794332329137291264,2594,9371
612,794205286408003585,3210,9013
613,793962221541933056,4705,16349
614,793845145112371200,1794,8992
615,793614319594401792,3022,0
616,793601777308463104,1559,7784
617,793500921481273345,2293,10398
618,793286476301799424,8833,23929
619,793271401113350145,2318,8480
620,793256262322548741,8052,19440
621,793241302385262592,3177,10235
622,793226087023144960,2788,9541
623,793210959003287553,2691,8689
624,793195938047070209,5420,14839
625,793180763617361921,1927,6746
626,793165685325201412,2696,9136
627,793150605191548928,1640,5998
628,793135492858580992,2424,6237
629,793120401413079041,3777,12315
630,792913359805018113,3830,13933
631,792883833364439040,4117,11002
632,792773781206999040,1628,7172
633,792394556390137856,4144,13050
634,792050063153438720,1714,6947
635,791821351946420224,20365,0
636,791784077045166082,9199,0
637,791780927877898241,3683,0
638,791774931465953280,21366,43806
639,791672322847637504,3022,11454
640,791406955684368384,3973,12795
641,791312159183634433,2441,8524
642,791026214425268224,3934,0
643,790987426131050500,2058,9547
644,790946055508652032,4509,16253
645,790723298204217344,2224,0
646,790698755171364864,1858,8001
647,790581949425475584,6861,20083
648,790337589677002753,1826,7626
649,790277117346975746,3050,12225
650,790227638568808452,3425,0
651,789986466051088384,2224,9016
652,789960241177853952,3957,0
653,789903600034189313,3987,10041
654,789628658055020548,1697,7275
655,789599242079838210,1855,6557
656,789530877013393408,3242,11409
657,789314372632018944,2202,8395
658,789280767834746880,4732,0
659,789268448748703744,2524,8878
660,789137962068021249,2681,9449
661,788908386943430656,12028,26706
662,788765914992902144,9924,26587
663,788552643979468800,6872,0
664,788412144018661376,5080,15107
665,788178268662984705,2022,7060
666,788150585577050112,1232,5954
667,788070120937619456,3307,0
668,788039637453406209,1269,5954
669,787810552592695296,2928,8366
670,787717603741622272,2669,9964
671,787397959788929025,2750,10594
672,787322443945877504,1671,7584
673,787111942498508800,6485,0
674,786963064373534720,7676,25918
675,786729988674449408,2340,0
676,786709082849828864,5899,17774
677,786664955043049472,2437,10279
678,786595970293370880,3020,9220
679,786363235746385920,3329,10548
680,786286427768250368,2725,7731
681,786233965241827333,4523,14801
682,786051337297522688,152,1388
683,786036967502913536,6703,0
684,785927819176054784,3079,11081
685,785872687017132033,1731,6513
686,785639753186217984,2157,7650
687,785533386513321988,1901,8820
688,785515384317313025,1201,5963
689,785264754247995392,1567,7055
690,785170936622350336,4638,11654
691,784826020293709826,3106,9800
692,784517518371221505,2426,8712
693,784431430411685888,1226,5565
694,784183165795655680,7716,19446
695,784057939640352768,10655,28840
696,783839966405230592,10359,29060
697,783821107061198850,1881,7148
698,783695101801398276,3080,10143
699,783466772167098368,2145,8184
700,783391753726550016,5235,16382
701,783347506784731136,5311,0
702,783334639985389568,11193,28223
703,783085703974514689,2095,7913
704,782969140009107456,7070,23413
705,782747134529531904,1356,7245
706,782722598790725632,5164,16711
707,782598640137187329,1805,7564
708,782305867769217024,5309,16106
709,782021823840026624,5940,0
710,781955203444699136,3217,10824
711,781661882474196992,2595,10125
712,781655249211752448,1087,3875
713,781524693396357120,5309,20106
714,781308096455073793,2449,6919
715,781251288990355457,1984,8129
716,781163403222056960,2638,9500
717,780931614150983680,6963,20970
718,780858289093574656,1923,6964
719,780800785462489090,1239,5309
720,780601303617732608,3203,11724
721,780543529827336192,1672,6110
722,780496263422808064,3521,0
723,780476555013349377,107,0
724,780459368902959104,1025,5121
725,780192070812196864,2149,8434
726,780092040432480260,2205,0
727,780074436359819264,4720,11717
728,779834332596887552,6703,18231
729,779377524342161408,2975,8480
730,779124354206535695,17491,0
731,779056095788752897,4339,14269
732,778990705243029504,6849,19276
733,778774459159379968,9436,0
734,778764940568104960,347,836
735,778748913645780993,1247,6648
736,778650543019483137,1426,5566
737,778624900596654080,968,4453
738,778408200802557953,4121,13173
739,778396591732486144,11658,0
740,778383385161035776,1047,5632
741,778286810187399168,3158,10016
742,778039087836069888,2529,8192
743,778027034220126208,1535,6350
744,777953400541634568,3363,0
745,777885040357281792,1559,6148
746,777684233540206592,2802,10863
747,777641927919427584,4034,0
748,777621514455814149,2399,8445
749,777189768882946048,4113,13722
750,776819012571455488,13048,0
751,776813020089548800,1144,4713
752,776477788987613185,2643,8489
753,776249906839351296,8711,0
754,776218204058357768,15128,28790
755,776201521193218049,2406,9239
756,776113305656188928,4156,11390
757,776088319444877312,145,1764
758,775898661951791106,15997,0
759,775842724423557120,2536,11302
760,775733305207554048,3824,13406
761,775729183532220416,4399,12549
762,775364825476165632,2820,7130
763,775350846108426240,3725,9815
764,775085132600442880,4491,15011
765,774757898236878852,1699,8331
766,774639387460112384,1652,6509
767,774314403806253056,5236,21035
768,773985732834758656,3687,10375
769,773922284943896577,1665,6188
770,773704687002451968,1540,6388
771,773670353721753600,1256,5174
772,773547596996571136,5839,21315
773,773336787167145985,4826,0
774,773308824254029826,7141,22551
775,773247561583001600,3104,9136
776,773191612633579521,3940,9648
777,772877495989305348,3689,8262
778,772826264096874500,2262,7754
779,772615324260794368,3220,0
780,772581559778025472,1631,6276
781,730211855403241472,991,3597
782,730196704625098752,1749,4557
783,729854734790754305,1044,3813
784,729838605770891264,352,1635
785,729823566028484608,1162,3756
786,729463711119904772,2154,5457
787,729113531270991872,297,1776
788,728986383096946689,763,2969
789,728760639972315136,1592,4394
790,728751179681943552,638,2616
791,728653952833728512,974,3129
792,728409960103686147,1877,4633
793,728387165835677696,899,3514
794,728046963732717569,1125,4050
795,728035342121635841,1561,4291
796,728015554473250816,1027,3904
797,727685679342333952,597,2811
798,727644517743104000,1639,5541
799,727524757080539137,1131,4226
800,727314416056803329,700,3154
801,727286334147182592,770,2890
802,727175381690781696,1292,3692
803,727155742655025152,1233,3418
804,726935089318363137,2281,6508
805,726887082820554753,1414,3631
806,726828223124897792,944,3378
807,726224900189511680,1073,4189
808,725842289046749185,2495,6702
809,725786712245440512,1283,3947
810,725729321944506368,1659,4931
811,725458796924002305,573,1339
812,724983749226668032,1214,3534
813,724771698126512129,586,2213
814,724405726123311104,1559,5008
815,724049859469295616,1664,4079
816,724046343203856385,521,2515
817,724004602748780546,1436,3943
818,723912936180330496,1158,3689
819,723688335806480385,2728,7244
820,723673163800948736,834,2863
821,723179728551723008,1749,5003
822,722974582966214656,1469,3873
823,722613351520608256,1533,4717
824,721503162398597120,1699,4355
825,721001180231503872,574,2397
826,720785406564900865,722,2923
827,720775346191278080,606,2323
828,720415127506415616,1405,3905
829,720389942216527872,2336,6027
830,720340705894408192,912,2707
831,720059472081784833,1050,3648
832,720043174954147842,1878,4684
833,719991154352222208,1625,4587
834,719704490224398336,1333,4297
835,719551379208073216,1775,4776
836,719367763014393856,704,2655
837,719339463458033665,1153,4215
838,719332531645071360,890,3256
839,718971898235854848,1011,3286
840,718939241951195136,1634,4955
841,718631497683582976,7476,17830
842,718613305783398402,449,2314
843,718540630683709445,950,2299
844,718460005985447936,490,2551
845,718454725339934721,1412,4599
846,718246886998687744,459,1807
847,718234618122661888,932,3659
848,717841801130979328,560,2322
849,717790033953034240,1025,2696
850,717537687239008257,1725,5473
851,717428917016076293,421,1528
852,717421804990701568,777,2965
853,717047459982213120,1795,5946
854,717009362452090881,894,3063
855,716802964044845056,1088,4074
856,716791146589110272,1486,7822
857,716730379797970944,409,1164
858,716447146686459905,5490,12348
859,716439118184652801,198,2264
860,716285507865542656,986,2630
861,716080869887381504,1776,6423
862,715928423106027520,825,3016
863,715758151270801409,1336,3512
864,715733265223708672,1581,4427
865,715704790270025728,529,2627
866,715696743237730304,1204,3708
867,715680795826982913,1491,4066
868,715360349751484417,1464,5173
869,715342466308784130,641,2878
870,715220193576927233,610,2283
871,715200624753819648,1748,4882
872,715009755312439296,1149,3924
873,714982300363173890,966,3522
874,714962719905021952,3978,6957
875,714957620017307648,1321,3930
876,714631576617938945,934,3094
877,714606013974974464,866,3442
878,714485234495041536,1052,2516
879,714258258790387713,687,2882
880,714251586676113411,781,3106
881,714214115368108032,821,2164
882,714141408463036416,1320,4098
883,713919462244790272,742,3118
884,713909862279876608,509,1793
885,713900603437621249,686,2692
886,713761197720473600,1276,4600
887,713411074226274305,1221,4200
888,713177543487135744,2681,6835
889,713175907180089344,1377,4208
890,712809025985978368,6283,18044
891,712717840512598017,4634,11655
892,712668654853337088,1133,3931
893,712438159032893441,1464,5040
894,712309440758808576,25,223
895,712097430750289920,969,3571
896,712092745624633345,839,2792
897,712085617388212225,461,3100
898,712065007010385924,585,2127
899,711998809858043904,122,0
900,711968124745228288,2160,7615
901,711743778164514816,933,2695
902,711732680602345472,3813,8323
903,711694788429553666,17182,31078
904,711652651650457602,853,3658
905,711363825979756544,1065,3422
906,711306686208872448,696,3129
907,711008018775851008,577,2833
908,710997087345876993,1298,4338
909,710844581445812225,643,2417
910,710833117892898816,500,2542
911,710658690886586372,530,2199
912,710609963652087808,2230,4539
913,710588934686908417,1748,4294
914,710296729921429505,689,2258
915,710283270106132480,492,2053
916,710272297844797440,1181,4268
917,710269109699739648,1046,2273
918,710153181850935296,839,2759
919,710140971284037632,834,2600
920,710117014656950272,1847,5159
921,709918798883774466,1017,3320
922,709901256215666688,97,632
923,709852847387627521,1129,3314
924,709566166965075968,1122,3356
925,709556954897764353,1004,3112
926,709519240576036864,225,1427
927,709449600415961088,535,2090
928,709409458133323776,641,2507
929,709225125749587968,538,2276
930,709207347839836162,5390,11808
931,709198395643068416,606,2328
932,709179584944730112,628,1910
933,709158332880297985,380,1931
934,709042156699303936,1529,4474
935,708853462201716736,614,1708
936,708845821941387268,837,2813
937,708834316713893888,473,1596
938,708810915978854401,6475,15630
939,708738143638450176,768,2617
940,708711088997666817,668,2401
941,708479650088034305,640,2410
942,708469915515297792,759,2942
943,708400866336894977,9411,15071
944,708356463048204288,1242,3393
945,708349470027751425,696,2239
946,708149363256774660,1462,4088
947,708130923141795840,801,3202
948,708119489313951744,917,2547
949,708109389455101952,523,1856
950,708026248782585858,1808,4172
951,707995814724026368,1054,2969
952,707983188426153984,2,48
953,707969809498152960,900,2550
954,707776935007539200,900,3106
955,707741517457260545,574,2359
956,707738799544082433,2287,3860
957,707693576495472641,937,3217
958,707629649552134146,815,2434
959,707610948723478529,5940,16104
960,707420581654872064,657,2134
961,707411934438625280,563,2184
962,707387676719185920,1192,3316
963,707377100785885184,1013,3095
964,707315916783140866,595,2349
965,707297311098011648,735,2649
966,707059547140169728,634,2466
967,707038192327901184,737,2072
968,707021089608753152,1272,3880
969,707014260413456384,559,2196
970,706904523814649856,7360,13820
971,706901761596989440,544,1936
972,706681918348251136,915,3125
973,706644897839910912,1025,2431
974,706593038911545345,595,2047
975,706538006853918722,1349,3296
976,706516534877929472,966,2964
977,706346369204748288,867,3270
978,706310011488698368,7381,20135
979,706291001778950144,449,1622
980,706265994973601792,869,2597
981,706169069255446529,2071,3699
982,706166467411222528,1509,4882
983,706153300320784384,359,1402
984,705975130514706432,680,2942
985,705970349788291072,836,3023
986,705898680587526145,517,2259
987,705786532653883392,485,1840
988,705591895322394625,1074,3003
989,705475953783398401,857,2822
990,705442520700944385,1505,4177
991,705428427625635840,1565,3611
992,705239209544720384,705,2843
993,705223444686888960,746,2450
994,705102439679201280,487,2034
995,705066031337840642,570,2073
996,704871453724954624,1052,4057
997,704859558691414016,497,2141
998,704847917308362754,1420,4821
999,704819833553219584,918,2507
1000,704761120771465216,2727,6309
1001,704499785726889984,935,2752
1002,704491224099647488,74,706
1003,704480331685040129,1007,3228
1004,704364645503647744,3331,7561
1005,704347321748819968,326,1493
1006,704134088924532736,426,1431
1007,704113298707505153,539,1769
1008,704054845121142784,867,2783
1009,703774238772166656,419,1761
1010,703769065844768768,1063,3097
1011,703631701117943808,625,2429
1012,703611486317502464,1430,3654
1013,703425003149250560,1271,3593
1014,703407252292673536,647,2320
1015,703382836347330562,1068,3322
1016,703356393781329922,361,1821
1017,703268521220972544,510,1882
1018,703079050210877440,2896,7005
1019,703041949650034688,11658,24975
1020,702932127499816960,675,2450
1021,702899151802126337,420,1517
1022,702684942141153280,993,3071
1023,702671118226825216,527,2075
1024,702598099714314240,3227,11614
1025,702539513671897089,905,2742
1026,702332542343577600,1444,3003
1027,702321140488925184,982,3117
1028,702276748847800320,721,2337
1029,702217446468493312,1264,4529
1030,701981390485725185,921,3266
1031,701952816642965504,963,3646
1032,701889187134500865,1297,3354
1033,701805642395348998,1565,3232
1034,701601587219795968,428,1987
1035,701570477911896070,874,2670
1036,701545186879471618,574,2526
1037,701214700881756160,4781,11574
1038,700890391244103680,531,2109
1039,700864154249383937,586,2465
1040,700847567345688576,470,2340
1041,700796979434098688,882,2316
1042,700747788515020802,8711,21595
1043,700518061187723268,746,2470
1044,700505138482569216,543,2173
1045,700462010979500032,1675,3898
1046,700167517596164096,683,2495
1047,700151421916807169,634,2120
1048,700143752053182464,2537,7130
1049,700062718104104960,643,2507
1050,700029284593901568,545,1975
1051,700002074055016451,1257,3134
1052,699801817392291840,881,2866
1053,699788877217865730,484,2122
1054,699779630832685056,1158,2588
1055,699775878809702401,566,1860
1056,699691744225525762,4317,9739
1057,699446877801091073,2468,5666
1058,699434518667751424,481,2076
1059,699423671849451520,303,1285
1060,699413908797464576,590,1979
1061,699370870310113280,407,1796
1062,699323444782047232,810,2984
1063,699088579889332224,590,2141
1064,699079609774645248,605,2324
1065,699072405256409088,1116,2805
1066,699060279947165696,1685,3545
1067,699036661657767936,1133,2471
1068,698989035503689728,910,3158
1069,698953797952008193,855,2540
1070,698907974262222848,576,2401
1071,698710712454139905,637,2341
1072,698703483621523456,350,1371
1073,698635131305795584,323,1229
1074,698549713696649216,584,2210
1075,698355670425473025,415,1752
1076,698342080612007937,904,2144
1077,698262614669991936,1866,4528
1078,698195409219559425,5618,15936
1079,698178924120031232,698,2670
1080,697995514407682048,318,1446
1081,697990423684476929,1209,3115
1082,697943111201378304,637,2267
1083,697881462549430272,1092,2864
1084,697630435728322560,513,1644
1085,697616773278015490,945,2960
1086,697596423848730625,1176,2860
1087,697575480820686848,475,1935
1088,697516214579523584,1037,1929
1089,697482927769255936,630,2306
1090,697463031882764288,1314,3254
1091,697270446429966336,1763,4480
1092,697259378236399616,938,3127
1093,697255105972801536,1089,2911
1094,697242256848379904,636,2400
1095,696900204696625153,970,3000
1096,696894894812565505,641,2226
1097,696886256886657024,1676,4592
1098,696877980375769088,666,2324
1099,696754882863349760,334,1404
1100,696744641916489729,869,1951
1101,696713835009417216,609,2245
1102,696518437233913856,1625,3720
1103,696490539101908992,134,1155
1104,696488710901260288,958,2380
1105,696405997980676096,1084,3033
1106,696100768806522880,610,1835
1107,695816827381944320,1081,2851
1108,695794761660297217,727,3008
1109,695767669421768709,691,1758
1110,695629776980148225,1961,4322
1111,695446424020918272,1708,4192
1112,695409464418041856,3363,8228
1113,695314793360662529,1349,3436
1114,695095422348574720,575,2518
1115,695074328191332352,1028,2682
1116,695064344191721472,548,1518
1117,695051054296211456,746,2512
1118,694925794720792577,859,2562
1119,694905863685980160,876,2614
1120,694669722378485760,13466,33974
1121,694356675654983680,267,1424
1122,694352839993344000,567,1925
1123,694342028726001664,454,1506
1124,694329668942569472,472,1889
1125,694206574471057408,1917,3926
1126,694183373896572928,873,2793
1127,694001791655137281,963,3227
1128,693993230313091072,378,1789
1129,693942351086120961,343,1661
1130,693647888581312512,546,2549
1131,693644216740769793,118,1294
1132,693642232151285760,392,2422
1133,693629975228977152,746,2327
1134,693622659251335168,350,1460
1135,693590843962331137,1844,4797
1136,693582294167244802,235,1564
1137,693486665285931008,593,1681
1138,693280720173801472,1169,3182
1139,693267061318012928,759,2261
1140,693262851218264065,465,2090
1141,693231807727280129,697,2740
1142,693155686491000832,3004,7482
1143,693109034023534592,569,1617
1144,693095443459342336,427,1765
1145,692919143163629568,714,2550
1146,692905862751522816,818,2304
1147,692901601640583168,561,1664
1148,692894228850999298,741,2140
1149,692828166163931137,832,2732
1150,692752401762250755,3415,6460
1151,692568918515392513,1452,4133
1152,692535307825213440,1279,2990
1153,692530551048294401,385,1752
1154,692423280028966913,206,1398
1155,692417313023332352,3240,8878
1156,692187005137076224,771,2402
1157,692158366030913536,747,2029
1158,692142790915014657,366,1555
1159,692041934689402880,1181,3217
1160,692017291282812928,898,2742
1161,691820333922455552,1543,3770
1162,691793053716221953,3962,7709
1163,691756958957883396,925,2681
1164,691675652215414786,474,1849
1165,691483041324204033,523,2270
1166,691459709405118465,1064,3830
1167,691444869282295808,791,2501
1168,691416866452082688,7161,18351
1169,691321916024623104,622,2450
1170,691096613310316544,830,2836
1171,691090071332753408,317,1639
1172,690989312272396288,2700,5606
1173,690959652130045952,1151,3397
1174,690938899477221376,1814,3871
1175,690932576555528194,943,3112
1176,690735892932222976,1192,3593
1177,690728923253055490,484,2058
1178,690690673629138944,774,2214
1179,690649993829576704,256,1234
1180,690607260360429569,15,286
1181,690597161306841088,570,1843
1182,690400367696297985,424,1791
1183,690374419777196032,795,3074
1184,690360449368465409,827,2516
1185,690348396616552449,481,1416
1186,690248561355657216,389,1593
1187,690021994562220032,964,2657
1188,690015576308211712,685,2365
1189,690005060500217858,1588,3483
1190,689999384604450816,341,1343
1191,689993469801164801,422,1383
1192,689977555533848577,422,1300
1193,689905486972461056,650,2333
1194,689877686181715968,1093,2873
1195,689835978131935233,707,2065
1196,689661964914655233,880,3078
1197,689659372465688576,3613,9817
1198,689623661272240129,600,2105
1199,689599056876867584,5181,11063
1200,689557536375177216,426,1957
1201,689517482558820352,1340,3226
1202,689289219123089408,877,2135
1203,689283819090870273,1033,3096
1204,689280876073582592,662,1875
1205,689275259254616065,233,1090
1206,689255633275777024,1014,2424
1207,689154315265683456,928,2931
1208,689143371370250240,469,1923
1209,688916208532455424,806,2571
1210,688908934925697024,722,1994
1211,688898160958271489,734,1988
1212,688894073864884227,644,2134
1213,688828561667567616,342,1308
1214,688804835492233216,176,912
1215,688789766343622656,625,2108
1216,688547210804498433,657,2460
1217,688519176466644993,685,2206
1218,688385280030670848,4201,8786
1219,688211956440801280,784,2134
1220,688179443353796608,549,2030
1221,688116655151435777,727,2682
1222,688064179421470721,338,1646
1223,687841446767013888,2339,5167
1224,687826841265172480,1049,2602
1225,687818504314159109,898,2349
1226,687807801670897665,673,2256
1227,687732144991551489,620,1668
1228,687704180304273409,787,2304
1229,687664829264453632,482,1841
1230,687494652870668288,542,1805
1231,687480748861947905,226,1520
1232,687476254459715584,501,1880
1233,687460506001633280,507,1959
1234,687399393394311168,579,1801
1235,687317306314240000,8618,19111
1236,687312378585812992,1781,4137
1237,687127927494963200,2118,5139
1238,687124485711986689,475,2078
1239,687109925361856513,2310,5520
1240,687102708889812993,903,2219
1241,687096057537363968,571,2131
1242,686947101016735744,2998,8182
1243,686760001961103360,1303,3336
1244,686749460672679938,1359,3293
1245,686730991906516992,1133,3919
1246,686683045143953408,758,2681
1247,686618349602762752,1277,3515
1248,686606069955735556,511,1798
1249,686394059078897668,647,1646
1250,686386521809772549,827,3086
1251,686377065986265092,532,2106
1252,686358356425093120,617,2059
1253,686286779679375361,1576,3827
1254,686050296934563840,683,2111
1255,686035780142297088,111,1093
1256,686034024800862208,1071,2929
1257,686007916130873345,379,2349
1258,686003207160610816,581,1736
1259,685973236358713344,488,1989
1260,685943807276412928,553,1545
1261,685906723014619143,2681,7093
1262,685681090388975616,115,1939
1263,685667379192414208,526,2236
1264,685663452032069632,1374,3055
1265,685641971164143616,716,2767
1266,685547936038666240,14593,31209
1267,685532292383666176,1083,2881
1268,685325112850124800,3712,8936
1269,685321586178670592,593,2510
1270,685315239903100929,975,3125
1271,685307451701334016,412,1977
1272,685268753634967552,1121,2938
1273,685198997565345792,619,2217
1274,685169283572338688,1335,3898
1275,684969860808454144,343,2267
1276,684959798585110529,2925,6447
1277,684940049151070208,974,3038
1278,684926975086034944,438,3322
1279,684914660081053696,1366,3324
1280,684902183876321280,492,1774
1281,684880619965411328,755,1985
1282,684830982659280897,20365,33220
1283,684800227459624960,939,2588
1284,684594889858887680,3284,8441
1285,684588130326986752,1324,3899
1286,684567543613382656,1137,2846
1287,684538444857667585,887,2506
1288,684481074559381504,1111,3684
1289,684460069371654144,524,1874
1290,684241637099323392,3064,7693
1291,684225744407494656,191,1181
1292,684222868335505415,1272,3628
1293,684200372118904832,980,2039
1294,684195085588783105,475,1811
1295,684188786104872960,1090,3320
1296,684177701129875456,618,1914
1297,684147889187209216,1420,2830
1298,684122891630342144,442,1902
1299,684097758874210310,1342,3904
1300,683857920510050305,1052,3621
1301,683852578183077888,325,1846
1302,683849932751646720,887,2471
1303,683834909291606017,1055,2494
1304,683828599284170753,998,2665
1305,683773439333797890,1260,3168
1306,683742671509258241,3113,6119
1307,683515932363329536,2706,6962
1308,683498322573824003,911,3010
1309,683481228088049664,938,2535
1310,683462770029932544,636,2298
1311,683449695444799489,1502,3669
1312,683391852557561860,2247,7250
1313,683357973142474752,856,2744
1314,683142553609318400,981,2722
1315,683111407806746624,849,3228
1316,683098815881154561,612,2062
1317,683078886620553216,533,1900
1318,683030066213818368,697,2042
1319,682962037429899265,15360,34736
1320,682808988178739200,158,1687
1321,682788441537560576,1048,2351
1322,682750546109968385,409,1438
1323,682697186228989953,342,1247
1324,682662431982772225,1017,2888
1325,682638830361513985,558,1960
1326,682429480204398592,1081,3258
1327,682406705142087680,1641,7171
1328,682393905736888321,620,2125
1329,682389078323662849,442,1587
1330,682303737705140231,914,2906
1331,682259524040966145,1115,3923
1332,682242692827447297,1076,3056
1333,682088079302213632,9199,17235
1334,682059653698686977,1575,4668
1335,682047327939461121,878,3033
1336,682032003584274432,1865,6221
1337,682003177596559360,1414,2947
1338,681981167097122816,957,2657
1339,681891461017812993,768,2337
1340,681694085539872773,3807,12147
1341,681679526984871937,414,1680
1342,681654059175129088,846,2481
1343,681610798867845120,435,1793
1344,681579835668455424,1213,3355
1345,681523177663676416,5374,13499
1346,681340665377193984,253,1559
1347,681339448655802368,3815,8808
1348,681320187870711809,690,2503
1349,681302363064414209,1695,3718
1350,681297372102656000,886,3047
1351,681281657291280384,1028,3057
1352,681261549936340994,247,1374
1353,681242418453299201,491,1407
1354,681231109724700672,457,2287
1355,681193455364796417,1384,3498
1356,680970795137544192,608,2280
1357,680959110691590145,1868,4348
1358,680940246314430465,972,3016
1359,680934982542561280,408,1976
1360,680913438424612864,579,2279
1361,680889648562991104,346,1665
1362,680836378243002368,1239,3272
1363,680805554198020098,625,2033
1364,680801747103793152,764,2249
1365,680798457301471234,965,2680
1366,680609293079592961,651,2486
1367,680583894916304897,1235,3418
1368,680497766108381184,1796,3991
1369,680494726643068929,452,1622
1370,680473011644985345,706,2406
1371,680440374763077632,466,1367
1372,680221482581123072,276,1411
1373,680206703334408192,1088,2682
1374,680191257256136705,467,2033
1375,680176173301628928,1445,3673
1376,680161097740095489,692,2207
1377,680145970311643136,1626,3425
1378,680130881361686529,881,2166
1379,680115823365742593,853,2570
1380,680100725817409536,1295,3401
1381,680085611152338944,8424,12104
1382,680070545539371008,803,2446
1383,679877062409191424,603,1866
1384,679872969355714560,620,2081
1385,679862121895714818,575,2324
1386,679854723806179328,1148,2693
1387,679844490799091713,707,2249
1388,679828447187857408,13048,34142
1389,679777920601223168,1025,2937
1390,679736210798047232,738,1975
1391,679729593985699840,779,2048
1392,679722016581222400,440,1578
1393,679530280114372609,1951,4507
1394,679527802031484928,677,2487
1395,679511351870550016,1175,3161
1396,679503373272485890,1368,2991
1397,679475951516934144,602,1976
1398,679462823135686656,17491,29679
1399,679405845277462528,1110,2235
1400,679158373988876288,7482,19980
1401,679148763231985668,963,2635
1402,679132435750195208,1075,2800
1403,679111216690831360,2407,5592
1404,679062614270468097,7456,15927
1405,679047485189439488,609,2117
1406,679001094530465792,1135,2683
1407,678991772295516161,1069,2138
1408,678969228704284672,423,1545
1409,678800283649069056,841,2415
1410,678798276842360832,1071,3236
1411,678774928607469569,843,2645
1412,678767140346941444,1267,3310
1413,678764513869611008,434,1529
1414,678755239630127104,3036,6668
1415,678740035362037760,1541,3510
1416,678708137298427904,2261,5277
1417,678675843183484930,1359,2679
1418,678643457146150913,372,1932
1419,678446151570427904,1423,3758
1420,678424312106393600,2361,5131
1421,678410210315247616,1669,3953
1422,678399652199309312,29479,75413
1423,678396796259975168,388,1496
1424,678389028614488064,391,1753
1425,678380236862578688,839,2293
1426,678341075375947776,497,1623
1427,678334497360859136,231,1218
1428,678278586130948096,5668,10729
1429,678255464182861824,341,1489
1430,678023323247357953,348,1789
1431,678021115718029313,5823,12735
1432,677961670166224897,1571,3217
1433,677918531514703872,379,1254
1434,677895101218201600,1907,4512
1435,677716515794329600,903,2861
1436,677700003327029250,1335,3193
1437,677698403548192770,296,1152
1438,677687604918272002,781,2335
1439,677673981332312066,1391,3130
1440,677662372920729601,880,1831
1441,677644091929329666,749,1750
1442,677573743309385728,636,1993
1443,677565715327688705,425,1223
1444,677557565589463040,1062,2285
1445,677547928504967168,3412,6491
1446,677530072887205888,211,995
1447,677335745548390400,1612,2844
1448,677334615166730240,259,1263
1449,677331501395156992,216,1016
1450,677328882937298944,1399,3427
1451,677314812125323265,486,1549
1452,677301033169788928,369,1148
1453,677269281705472000,655,1848
1454,677228873407442944,1511,3319
1455,677187300187611136,841,2553
1456,676975532580409345,986,2595
1457,676957860086095872,746,2088
1458,676949632774234114,367,1226
1459,676948236477857792,796,2013
1460,676946864479084545,337,1619
1461,676942428000112642,688,1934
1462,676936541936185344,4578,11924
1463,676916996760600576,1676,2776
1464,676897532954456065,669,2103
1465,676864501615042560,651,1955
1466,676821958043033607,14260,21332
1467,676819651066732545,612,1699
1468,676811746707918848,396,1346
1469,676776431406465024,1863,4664
1470,676617503762681856,882,2695
1471,676613908052996102,184,1018
1472,676606785097199616,399,1776
1473,676603393314578432,355,1082
1474,676593408224403456,1976,4249
1475,676590572941893632,115,860
1476,676588346097852417,723,2145
1477,676582956622721024,253,1108
1478,676575501977128964,1032,2400
1479,676533798876651520,512,1750
1480,676496375194980353,487,1421
1481,676470639084101634,4317,10858
1482,676440007570247681,611,1607
1483,676430933382295552,314,1299
1484,676263575653122048,499,1950
1485,676237365392908289,259,1123
1486,676219687039057920,28541,71382
1487,676215927814406144,530,1616
1488,676191832485810177,952,2114
1489,676146341966438401,612,1797
1490,676121918416756736,1072,2017
1491,676101918813499392,1079,2647
1492,676098748976615425,1295,2769
1493,676089483918516224,406,1221
1494,675898130735476737,522,1497
1495,675891555769696257,784,1975
1496,675888385639251968,871,2199
1497,675878199931371520,1290,3878
1498,675870721063669760,519,1513
1499,675853064436391936,1179,2504
1500,675849018447167488,129,884
1501,675845657354215424,802,2110
1502,675822767435051008,489,1415
1503,675820929667219457,220,977
1504,675798442703122432,3145,9558
1505,675781562965868544,428,1497
1506,675740360753160193,307,1092
1507,675710890956750848,750,1735
1508,675707330206547968,626,1833
1509,675706639471788032,87,600
1510,675534494439489536,376,1707
1511,675531475945709568,346,1100
1512,675522403582218240,257,961
1513,675517828909424640,425,1198
1514,675501075957489664,5375,15962
1515,675497103322386432,1183,2901
1516,675489971617296384,543,1191
1517,675483430902214656,886,1706
1518,675432746517426176,527,1399
1519,675372240448454658,475,1564
1520,675362609739206656,204,979
1521,675354435921575936,15304,30178
1522,675349384339542016,2070,3633
1523,675334060156301312,1177,2554
1524,675166823650848770,1429,3274
1525,675153376133427200,2335,5752
1526,675149409102012420,1552,3446
1527,675147105808306176,210,868
1528,675146535592706048,265,1089
1529,675145476954566656,816,1970
1530,675135153782571009,427,1202
1531,675113801096802304,711,1790
1532,675111688094527488,223,884
1533,675109292475830276,1030,2591
1534,675047298674663426,289,969
1535,675015141583413248,1080,2495
1536,675006312288268288,206,897
1537,675003128568291329,425,1432
1538,674999807681908736,999,2059
1539,674805413498527744,327,786
1540,674800520222154752,779,2771
1541,674793399141146624,989,2298
1542,674790488185167872,226,1017
1543,674788554665512960,188,740
1544,674781762103414784,1084,1845
1545,674774481756377088,428,1010
1546,674767892831932416,713,1672
1547,674764817387900928,208,722
1548,674754018082705410,398,1255
1549,674752233200820224,417,1344
1550,674743008475090944,492,1291
1551,674742531037511680,46,441
1552,674739953134403584,343,1000
1553,674737130913071104,81,595
1554,674690135443775488,429,1055
1555,674670581682434048,591,1492
1556,674664755118911488,218,839
1557,674646392044941312,440,1319
1558,674644256330530816,254,958
1559,674638615994089473,534,1550
1560,674632714662858753,520,1383
1561,674606911342424069,89,859
1562,674468880899788800,1844,5733
1563,674447403907457024,321,979
1564,674436901579923456,356,1026
1565,674422304705744896,487,1326
1566,674416750885273600,124,633
1567,674410619106390016,418,1104
1568,674394782723014656,516,1381
1569,674372068062928900,286,788
1570,674330906434379776,69,530
1571,674318007229923329,465,1297
1572,674307341513269249,6264,10455
1573,674291837063053312,5311,13549
1574,674269164442398721,209,841
1575,674265582246694913,763,1503
1576,674262580978937856,403,1213
1577,674255168825880576,489,1342
1578,674082852460433408,150,708
1579,674075285688614912,256,921
1580,674063288070742018,1967,5880
1581,674053186244734976,1171,3044
1582,674051556661161984,445,1335
1583,674045139690631169,581,1298
1584,674042553264685056,115,658
1585,674038233588723717,381,1011
1586,674036086168010753,185,788
1587,674024893172875264,1115,1636
1588,674019345211760640,273,1046
1589,674014384960745472,579,1440
1590,674008982932058114,319,1112
1591,673956914389192708,873,1803
1592,673919437611909120,336,1082
1593,673906403526995968,1495,2931
1594,673887867907739649,230,866
1595,673716320723169284,687,2842
1596,673715861853720576,1863,3238
1597,673711475735838725,272,961
1598,673709992831262724,241,773
1599,673708611235921920,261,986
1600,673707060090052608,353,1016
1601,673705679337693185,368,1160
1602,673700254269775872,519,1317
1603,673697980713705472,1752,3623
1604,673689733134946305,591,1596
1605,673688752737402881,448,1159
1606,673686845050527744,391,1315
1607,673680198160809984,425,1256
1608,673662677122719744,337,1159
1609,673656262056419329,210,666
1610,673636718965334016,329,1023
1611,673612854080196609,650,1467
1612,673583129559498752,324,1101
1613,673580926094458881,248,764
1614,673576835670777856,506,1267
1615,673363615379013632,274,949
1616,673359818736984064,613,1326
1617,673355879178194945,514,1381
1618,673352124999274496,485,1532
1619,673350198937153538,190,700
1620,673345638550134785,1143,2296
1621,673343217010679808,245,887
1622,673342308415348736,513,1175
1623,673320132811366400,7090,12322
1624,673317986296586240,226,807
1625,673295268553605120,2852,6914
1626,673270968295534593,328,980
1627,673240798075449344,637,1309
1628,673213039743795200,757,2040
1629,673148804208660480,566,1545
1630,672997845381865473,641,1803
1631,672995267319328768,266,867
1632,672988786805112832,264,900
1633,672984142909456390,493,1150
1634,672980819271634944,915,1669
1635,672975131468300288,814,1540
1636,672970152493887488,322,867
1637,672968025906282496,490,1221
1638,672964561327235073,579,1295
1639,672902681409806336,446,1263
1640,672898206762672129,379,822
1641,672884426393653248,761,1411
1642,672877615439593473,322,940
1643,672834301050937345,519,1199
1644,672828477930868736,438,1135
1645,672640509974827008,286,903
1646,672622327801233409,435,1183
1647,672614745925664768,527,1119
1648,672609152938721280,351,1004
1649,672604026190569472,357,1002
1650,672594978741354496,551,1209
1651,672591762242805761,299,868
1652,672591271085670400,170,660
1653,672538107540070400,325,931
1654,672523490734551040,151,567
1655,672488522314567680,392,1022
1656,672482722825261057,539,1028
1657,672481316919734272,118,663
1658,672475084225949696,634,1325
1659,672466075045466113,474,1232
1660,672272411274932228,3049,5901
1661,672267570918129665,552,1355
1662,672264251789176834,303,1032
1663,672256522047614977,1375,2594
1664,672254177670729728,675,1309
1665,672248013293752320,539,1583
1666,672245253877968896,141,623
1667,672239279297454080,288,827
1668,672231046314901505,915,1672
1669,672222792075620352,186,722
1670,672205392827572224,1038,2058
1671,672169685991993344,332,936
1672,672160042234327040,318,804
1673,672139350159835138,628,1596
1674,672125275208069120,1029,2172
1675,672095186491711488,335,902
1676,672082170312290304,331,861
1677,672068090318987265,462,1177
1678,671896809300709376,3778,7809
1679,671891728106971137,509,1203
